title	description	source	date	open_coding_topic	sentiment	sentimental_words
Canadian PM makes veiled dig at Trump during film festival, warns not to push 'too far'	Canadian Prime Minister Mark Carney implicitly criticized President Donald Trump at the Toronto International Film Festival, using references to comedian John C...	foxnews.com	2025-09-05T22:30:46.000000Z	International	Negative	makes veiled dig, Carney implicitly criticized President Donald Trump
Canada plans to recognize Palestinian state in September, PM Carney says	Canadian Prime Minister Mark Carney said the country plans to recognize a Palestinian state in September during a meeting of the United Nations.	foxnews.com	2025-07-31T03:54:25.000000Z	International	Neutral	
Carney cuts short questions to Trump ahead of G7 summit	President Donald Trump claims at G7 summit that Russia's removal from G8 was a mistake that led to war, discusses tariffs with Canada and potential Iran de-esca...	foxnews.com	2025-06-16T18:05:49.000000Z	International	Neutral	
Senators go to Canada to meet PM Carney,smooth Trump tariff,51st-state tensions	Bipartisan senators,led by Kevin Cramer and Jeanne Shaheen,visit Canada to ease U.S.-Canada tensions amid trade disputes and diplomatic challenges.	foxnews.com	2025-05-28T21:57:22.000000Z	International	Neutral	
Trump targets northern border security as Canada's 'open border' policies create new threats	Canada's open-border policies pose risks to US security, with drug smuggling and criminal activities increasing along the northern border under PM Mark Carney.	foxnews.com	2025-05-16T09:00:08.000000Z	International	Negative	drug smuggling and criminal activities increasing along the northern border under PM Mark Carney
How Canada’s new prime minister plans to take down America and impose the Great Reset	Canada's new Prime Minister Mark Carney led two G7 central banks, was a trustee of the World Economic Forum and wants ESG rules and digital currency to reset gl...	foxnews.com	2025-05-07T09:00:38.000000Z	International	Negative	plans to take down America and impose the Great Reset
Trump teases 'very, very big announcement' ahead of Middle East trip, Carney says he's 'on edge of my seat'	"President Donald Trump said his administration will soon make ""one of the most important announcements that have been made"" before his trip to the Middle East"	foxnews.com	2025-05-06T16:35:01.000000Z	International	Neutral	
Trump holds 'extremely productive call' with Canadian prime minister: 'We agree on many things'	"President Donald Trump said he held an ""extremely productive call"" with Canadian Prime Minister Mark Carney on Friday."	foxnews.com	2025-03-28T16:08:46.000000Z	International	Positive	We agree on many things,extremely productive call
Canada’s new PM and Trump critic Mark Carney accused of being out of touch with the 'common man’	Carney is a former Goldman Sachs banker and UN special envoy for climate action and finance	foxnews.com	2025-03-15T9:51:44.000000Z	International	Negative	critic Mark Carney accused of being out of touch with the 'common man’
Carney says Canada is not for sale, Trump replies, 'Never say never'	Trump has repeatedly discussed Canada becoming another US state, along with sharing plans to acquire Greenland and the Panama Canal	foxnews.com	2025-05-06T12:48:44.000000Z	International	Negative	Never say never:
Canadian Prime Minister Mark Carney says 'old relationship' with US 'is over' amid tension over Trump tariffs	Canadian leader's remarks come amid tension with Trump administration over new tariffs	foxnews.com	2025-03-09T19:19:44.000000Z	International	Neutral	
New Canadian PM blasts Trump's 51st state idea: 'Crazy'	Canadian Prime Minister Mark Carney was sworn into office on Friday and faces an escalating trade war with the US	foxnews.com	2025-03-14T17:28:44.000000Z	International	Neutral	
Trump's 16th week in office to include WH meeting with Canada, ongoing trade negotiations	President Donald Trump's 16th week back in the Oval Office is expected to include a visit from Canadian PM Carney, trade talks and ongoing negotiations to end the war in Ukraine.	foxnews.com	2025-05-04T17:28:44.000000Z	International	Neutral	
John Ivison: Carney’s ‘commerce-first’ foreign policy spares no care for atrocities	The Carney government cannot follow its conscience on Sudan because that would take it in a different direction from its trade policy.	nationalpost.com	2025-11-25T22:41:30.000000Z	International	Negative	spares no care for atrocities, cannot follow its conscience
Tasha Kheiriddin: Did Carney really ditch Canada's feminist foreign policy?	Carney’s position is like being half-pregnant — unless he fully and clearly repudiates Trudeau’s legacy, it will continue to haunt us	nationalpost.com	2025-11-25T19:25:24.000000Z	International	Negative	Carney really ditch Canada's, Carney’s position is like being half-pregnant
John Ivison: Why Canada can’t back Trump’s peace plan for Ukraine	Mark Carney and his European and Japanese counterparts agreed the plan was unacceptable, but there were tensions about how to respond.	nationalpost.com	2025-11-24T21:12:38.000000Z	International	Neutral	
Carney and Modi agree to renew Canada-India free trade talks	Canada and India will renew discussions on a bilateral free trade agreements between the two nations.	nationalpost.com	2025-11-23T21:19:46.000000Z	International	Positive	agree to renew Canada-India free trade talks
'Nostalgia is not a strategy': Carney urges global unity at U.S.-snubbed G20 summit	At the G20, Mark Carney warned of a global 'rupture; driven by rising protectionism, geopolitical rivalry and shifting economic power.	nationalpost.com	2025-11-23T18:54:43.000000Z	International	Neutral	
Carney says 'centre of gravity' is changing as G-20 proceeds without the U.S.	Mark Carney touted global progress without U.S. involvement at the G-20 summit in South Africa.	nationalpost.com	2025-11-23T16:16:51.000000Z	International	Negative	touted
Why Chinese EVs keep haunting Liberal prime ministers	Mark Carney has inherited Justin Trudeau’s nightmare.	nationalpost.com	2025-11-21T17:09:45.000000Z	International	Neutral	
Kelly McParland: Swedish jet offer is about more than just planes	Should Carney opt for the Swedish jet it would confirm Canada's determination to make its own choices.	nationalpost.com	2025-11-19T11:00:20.000000Z	International	Neutral	
Terry Newman: Carney should mend relations with the U.S. before cozying up to China	Carney and Xi will no doubt be able to find 'common ground.' That doesn't mean they should	nationalpost.com	2025-11-18T11:00:07.000000Z	International	Negative	That doesn't mean they should
John Ivison: Rising prices are hitting both Trump and Carney where it hurts	Trump has had to lower tariffs on groceries. The problem for Ottawa is that prices have risen even more quickly in Canada than in the U.S.	nationalpost.com	2025-11-17T20:57:26.000000Z	International	Negative	Risen more quickly in canada and problem for ottawa
Liberals set to announce support measures for Canadian steel sector amid tariff war	The measures will include new restrictions on imports from countries without a free-trade agreement with Canada, according to a government official.	thestar.com	2025-11-25T13:30:44-05:00	International	Neutral	
Fact File: X’s AI chatbot claims Carney isn’t PM, Russian video set in Toronto	The artificial intelligence chatbot Grok made several errors over the past few weeks when asked to verify information on the X platform. In on…	thestar.com	2025-11-25T13:30:44-05:00	International	Neutral	
Carney says his comment about speaking with Trump was a ‘poor choice of words’	"At the G20 summit in Johannesburg, Prime Minister Mark Carney was asked when he last spoke to U.S. President Donald Trump. He replied: ""Who cares?"""	thestar.com	2025-11-25T13:30:44-05:00	International	Negative	poor choice of words
Mark Carney considering Washington trip next week for World Cup draw	The Prime Minister's Office confirmed that Carney is considering travelling to D.C. for the final draw on Dec. 5 for the FIFA World Cup 2026	thestar.com	2025-11-25T13:48:34-05:00	International	Neutral	
‘He should care’: Conservatives slam Carney on Trump comments	Conservative MPs slammed Prime Minister Mark Carney Monday over dismissive comments he made recently about stalled trade talks with U.S. President	thestar.com	2025-11-25T15:23:01-05:00	International	Negative	Conservatives slam Carney, dismissive comments
Canada and India reset + The Crowns dangerous error	Here’s the latest on Mark Carney and Narendra Modi’s trade plans, programs at George Brown being cut in Toronto but offered abroad and prosecutors	thestar.com	2025-11-24T07:30:00-05:00	International	Neutral	
David Olive: While an erratic Trump ignores Canada,Carney quietly cements international investments. Elbows up,indeed	The Canada that Donald Trump finally confronts at the negotiating table,writes David Olive,will have more powerful friends around the world and	thestar.com	2025-11-25T16:50:35-05:00	International	Positive	cements international investments,powerful friends
Mark Carney evokes Mandela in navigating global disruption	Prime Minister Mark Carney evoked the legacy of Nelson Mandela in praising efforts by fellow leaders to collaborate at the G20 summit in Johan…	thestar.com	2025-11-23T16:48:00-05:00	International	Positive	evoked the legacy, praising efforts, collaborate
Mark Carney wouldn’t describe Canada as having feminist foreign policy	Prime Minister Mark Carney says Canada no longer has a feminist foreign policy, but still wants to uphold values on the world stage that inclu…	thestar.com	2025-11-24T17:02:23-05:00	International	Neutral	
Carney: No ‘burning issue’ to bring up with Trump, talks to resume when ‘appropriate’	"""When America wants to come back and have conversations on the trade side, we will have those discussions,"" said Prime Minister Mark Carney."	thestar.com	2025-11-25T15:23:01-05:00	International	Neutral	
Carney says Canada upholding values but drops talk of ‘feminist foreign policy’	Carney's comments at the G20 summit in Johannesburg illustrate a shift in rhetoric from the government of Justin Trudeau.	thestar.com	2025-11-24T17:02:23-05:00	International	Neutral	
Carney evokes Mandela,looks to trade pacts to help navigate ‘this moment of rupture’	JOHANNESBURG - Prime Minister Mark Carney evoked the legacy of Nelson Mandela in praising efforts by fellow leaders to collaborate amid global…	thestar.com	2025-11-23T03:03:00-05:00	International	Neutral	
'Poor choice of words': Carney backtracks comment on Trump	Prime Minister Mark Carney backtracked on the comment he made over his last discussion with Trump, saying it was a 'poor choice of words.'	citynews.ca	2025-11-26T10:45:00-05:00	International	Negative	Carney backtracks comment
Carney attacked over 'who cares' remark	Opposition figures accuse the Prime Minister of being dismissive of those affected by the trade war,after Mark Carney said 'who cares' in response to questions about when was the last time,he spoke with U.S. President Donald Trump.	citynews.ca	2025-11-24T18:41:00-05:00	International	Negative	attacked,accuse,dismissive
Carney signs agreement with UAE, no address yet on Sudan's civil war	While Prime Minister Mark Carney reached an investment-protection deal with the UAE on his visit to Abu Dhabi, there is no word yet on whether Canada has brough up human rights concerns on the UAE's role in Sudan's civil war.	citynews.ca	2025-11-20T10:53:00-05:00	International	Negative	no word yet on whether Canada has brough up human rights concerns
Carney pitches budget in visit to Montreal Chamber of Commerce	"""The United States has changed (...) We must respond,"" Prime Minister Mark Carney said at Montreal's Chamber of Commerce as he pitched the new federal budget. Zachary Cheung reports."	citynews.ca	2025-11-14T17:27:00-05:00	International	Neutral	
PM Carney in Montreal: U.S. has changed, we must respond	Prime Minister Mark Carney was in Montreal Friday to pitch his new budget, which he says is designed to boost the country’s economy and keep Canadian businesses competitive on the global stage.He...	citynews.ca	2025-11-14T17:27:00-05:00	International	Neutral	
Carney apologizes to Trump over Doug Ford's anti-tariff ad	Prime Minister Mark Carney has apologized to U.S. President Donald Trump for Ontario Premier Doug Ford's controversial anti-tariff ad, which prompted Trump to scrap all trade talks with Canada. Karling Donoghue reports.	citynews.ca	2025-11-01T22:39:00-05:00	International	Neutral	
Carney paints Canada as reliable trading partner during Asia trip	Prime Minister Mark Carney wrapped up his first official visit to Asia after attending two major summits and holding a meeting with Chinese President Xi Jinping that both countries hailed as a turning point in relations.	citynews.ca	2025-11-01T22:39:00-05:00	International	Positive	hailed as a turning point in relations
Trump and Carney have cordial but distant interaction at ASEAN summit	Despite harsh words shared online from Trump, the U.S. President and Prime Minister Carney had a cordial but distant interaction at the ASEAN summit, signaling a potential shift in the strained relationship.	citynews.ca	2025-10-29T10:52:00-05:00	International	Neutral	
Carney offers little after U.S. ends talks	The Prime Minister says Canada is ready to talk any time the U.S. wants to resume trade negotiations. But one professor says Canada shouldn't expect much from America right now,at least in the short-term.	citynews.ca	2025-10-27T18:24:00-05:00	International	Negative	offers little
Carney says Canada-U.S. trade talks were progressing before tariff ad	Prime Minister Mark Carney said trade talks between Canada and the U.S. were progressing before the Ontario-made ad calling out Trump's tariffs put a damper on furthering negotiations.	citynews.ca	2025-10-27T18:24:00-05:00	International	Neutral	
Carney doesn't directly address latest Trump tariff threat	With trade relations among the main discussion points at the ASEAN summit, Prime Minister Mark Carney did not directly address the latest tariff threat from U.S. President Donald Trump	citynews.ca	2025-10-26T17:21:00-05:00	International	Negative	Carney did not directly address the latest tariff threat
Carney in Malaysia to strengthen trade partners amid U.S. tensions	Prime Minister Mark Carney is in Malaysia at the Association of Southeast Asian Nations leaders' summit, pledging to move quickly on bilateral deals with interested countries.	citynews.ca	2025-10-26T17:21:00-05:00	International	Positive	strengthen trade partners, 
Loblaw to gradually drop tariff prices on groceries in Canada	Shoppers will soon start seeing tariff prices drop on thousands of grocery items at Loblaw stores in Canada. Last Friday, Prime Minister Mark Carney announced that Canada would be removing retaliatory tariffs on American goods, effective Sept. 1. Loblaw Companies Ltd. CEO and President Per Bank welcomed the news in a recent LinkedIn post, calling it a “big development” for businesses and customers.	dailyhive.com	2025-08-26T12:00:00-05:00	International	Positive	removing retaliatory tariffs, welcomed the news, big development
Hot mic catches Trump make subtle dig at Trudeau to PM Carney	Cameras and mics caught a lighthearted moment between Prime Minister Mark Carney and U. S. President Donald Trump during the Gaza Peace Summit — one that included subtle shade at former Canadian Prime Minister Justin Trudeau.	dailyhive.com	2025-10-14T12:00:00-05:00	International	Neutral	
Carney, Modi agree to revive comprehensive trade deal talks - National	Canadian and Indian prime ministers Mark Carney and Narendra Modi have agreed to work towards a new comprehensive economic partnership agreement.	globalnews.ca	2025-11-23T21:17:16.000000Z	International	Positive	Agreed to work towards
Carney says he’ll speak with Trump ‘when it’s appropriate’ - National	Prime Minister Mark Carney said he doesn't have a	globalnews.ca	2025-11-23T20:27:03.000000Z	International	Neutral	
Carney says Canada drops talk of ‘feminist foreign policy’ but upholds values - National	Prime Minister Mark Carney says he wants Canada to uphold values on the world stage including combatting violence against women, but says it doesn't have a femi...	globalnews.ca	2025-11-23T17:47:07.000000Z	International	Positive	Combatting violence, uphold values
Carney says U.S. peace plan for Ukraine needs ‘more work’; expert calls it a ‘disaster’ - National	Ukraine peace talks take centre stage at the G20 Summit in Johannesburg, with the United States, Russia and China notably absent from the summit.	globalnews.ca	2025-11-22T17:25:57.000000Z	International	Neutral	
PM Carney at G20 as countries move beyond U.S. - National	Prime Minister Mark Carney is in Johannesburg for the G20 summit, where South African officials say there will be a joint declaration despite a U.S. boycott.	globalnews.ca	2025-11-22T13:09:37.000000Z	International	Neutral	
Carney wraps up UAE visit with $70B investment pledge into Canada - National	The announcements come as Carney concluded a visit to Abu Dhabi, which focused heavily on trade amid concerns about the war in Sudan.	globalnews.ca	2025-11-21T13:22:12.000000Z	International	Positive	Carney wraps up UAE visit with $70B investment pledge into Canada
Carney signs investment pact, launches trade talks during UAE visit - National	On Thursday, Carney announced the investment pact following a meeting with UAE President Sheikh Mohammed bin Zayed Al Nahyan, and both also launched talks for a...	globalnews.ca	2025-11-20T13:26:05.000000Z	International	Positive	Investment Pact
Carney visits UAE amid pressure to push for end to Sudan civil war support - National	Carney's visit is aimed at attracting investment from Emirati sovereign wealth funds and the private sector to help diversify Canada's economy in response to U....	globalnews.ca	2025-11-19T23:21:34.000000Z	International	Neutral	
U.S. trade policy is ‘radically different’ now, Carney says - National	Speaking to reporters in New Brunswick, Carney said the U.S. was trying to 'shut out' Canada’s forestry products, making it important for Canada to source loc...	globalnews.ca	2025-11-10T19:22:22.000000Z	International	Neutral	
Ford says trade negotiation ‘falls on’ federal government after commercial controversy	Doug Ford appears to be falling in line behind Mark Carney as the federal government asserts its authority over high-stakes trade talks with the Trump administr...	globalnews.ca	2025-11-04T19:29:10.000000Z	International	Positive	falling in line behind Mark Carney, federal government asserts its authority over high-stakes trade talks
Ottawa urged to stop weapons flow to Sudan as Carney prepares UAE visit - National	Human rights groups say they believe planes meant to carry humanitarian aid from the UAE to Sudan are regularly delivering weapons instead, including possibly C...	globalnews.ca	2025-11-03T23:34:21.000000Z	International	Negative	Urged to stop
Carney advised to push back on Trump in April call if provoked: memo - National	Federal officials prepared the internal memo to guide Carney's conversation with Trump following the Liberal party's April 28 election victory.	globalnews.ca	2025-11-02T16:15:33.000000Z	International	Neutral	
Carney says China doesn’t share concerns about ‘foreign interference’ - National	Prime Minister Mark Carney said China does not grasp Canada's level of concern on	globalnews.ca	2025-11-01T17:40:43.000000Z	International	Neutral	
Carney says China doesn’t grasp Canada’s concern over issues of foreign interference - National	Prime Minister Mark Carney said China does not grasp Canada's level of concern on	globalnews.ca	2025-11-01T17:40:43.000000Z	International	Neutral	
‘I did apologize to the President,’ Carney says on U.S. anti-tariff ad - National	Prime Minister Mark Carney confirmed he apologized to U.S. President Donald Trump after an Ontario anti-tariff ad aired in the U.S.	globalnews.ca	2025-11-01T15:56:33.000000Z	International	Neutral	
Carney says his comment about speaking with Trump was a ‘poor choice of words’	 Prime Minister Mark Carney said Tuesday his recent reply to a question about the state of trade talks ...	cp24.com	2025-11-25T19:04:41.000000Z	International	Neutral	
Carney considering trip to Washington after dismissing question about his last contact with Trump	Less than 48 hours after Prime Minister Mark Carney dismissed a question about when he had last spoken with U.S. ...	cp24.com	2025-11-24T19:04:41.000000Z	International	Negative	Carney dismissed a question
‘He should care’: Conservatives slam Carney on Trump comments	OTTAWA — Conservative MPs slammed Prime Minister Mark Carney Monday over dismissive comments he made recently when asked about stalled ...	cp24.com	2025-11-24T19:04:41.000000Z	International	Negative	Conservative MPs slammed Prime Minister Mark Carney Monday over dismissive comments
Carney says Canada and India can be ‘reliable trading partners’	The prime ministers of Canada and India have agreed to launch negotiations towards a new Comprehensive Economic Partnership Agreement (CEPA). ...	cp24.com	2025-11-23T19:04:41.000000Z	International	Positive	towards a new Comprehensive Economic Partnership Agreement
Carney: No ‘burning issue’ to bring up with Trump	JOHANNESBURG — Prime Minister Mark Carney is in no hurry to resume trade talks with U.S. President Donald Trump but ...	cp24.com	2025-11-23T19:04:41.000000Z	International	Neutral	
Carney says Canada upholding values but drops talk of ‘feminist foreign policy’	JOHANNESBURG — Prime Minister Mark Carney says Canada no longer has a feminist foreign policy, but still wants to uphold ...	cp24.com	2025-11-23T19:04:41.000000Z	International	Neutral	
Carney in South Africa as concerns grow over U.S. boycott of G20	Prime Minister Mark Carney is in South Africa for a G20 summit overshadowed by a U.S. boycott — and as ...	cp24.com	2025-11-21T19:04:41.000000Z	International	Neutral	
Canada cuts back spending on fighting infectious diseases at G20 in South Africa	Prime Minister Mark Carney has made Canada’s first-ever cut to funding for a major program for fighting infectious diseases in ...	cp24.com	2025-11-21T19:04:41.000000Z	International	Negative	Canada’s first-ever cut to funding for a major program for fighting infectious diseases
Carney wraps United Arab Emirates visit with pledge of $70B to be invested in Canada	ABU DHABI — Prime Minister Mark Carney says Ottawa is working on a $1-billion project aimed at expanding critical minerals ...	cp24.com	2025-11-21T19:04:41.000000Z	International	Positive	pledge of 70B
Carney signs UAE investment pact, launches trade talks during Abu Dhabi visit	Prime Minister Mark Carney signed an investment-protection agreement Thursday with the United Arab Emirates during a visit to Abu Dhabi ...	cp24.com	2025-11-20T19:04:41.000000Z	International	Positive	Agreement
Carney to sign investment agreement,launch Canada-United Arab Emirates trade talks: official	ABU DHABI – Prime Minister Mark Carney intends to sign a long-negotiated investment agreement,as well as begin launching talks ...	cp24.com	2025-11-19T19:04:41.000000Z	International	Positive	sign a long-negotiated investment agreement
‘Gas-for-wine’: South Africa seeks deal to boost trade, investment with Canada	OTTAWA — As Prime Minister Mark Carney heads to Johannesburg for the G20 summit, Canada and South Africa are talking ...	cp24.com	2025-11-18T19:04:41.000000Z	International	Neutral	
Carney plans to see Trump next week in Washington	OTTAWA - Prime Minister Mark Carney will travel to Washington next week and plans to ...	ctvnews.ca	2025-11-26T12:00:00-05:00	International	Neutral	
Carney announces new supports for Canada’s lumber, steel sectors	OTTAWA — Amid the ongoing trade war with the United States, Prime Minister Mark Carney ...	ctvnews.ca	2025-11-26T12:00:00-05:00	International	Neutral	
Carney confirms he'll see Trump during FIFA draw in D.C.		ctvnews.ca	2025-11-26T12:00:00-05:00	International	Neutral	
Trade war update: Carney’s Liberals to announce steel, lumber protections, sources say	Help is on the way for Canadian steel producers and those in softwood lumber affected ...	ctvnews.ca	2025-11-26T12:00:00-05:00	International	Positive	protections, Help is on the way
Carney says his comment about speaking with Trump was a ‘poor choice of words’	OTTAWA — Prime Minister Mark Carney said Tuesday his recent reply to a question about ...	ctvnews.ca	2025-11-25T12:00:00-05:00	International	Negative	poor choice of words
CTV National News: Carney considering Washington trip as Canada-U.S. relations remain stagnant		ctvnews.ca	2025-11-24T12:00:00-05:00	International	Neutral	
Carney considering Washington trip as Canada-U.S. relations remain stagnant		ctvnews.ca	2025-11-24T12:00:00-05:00	International	Neutral	
Tough stance or just annoyed? Front Bench on PM Carney's comments on Canada-U.S. talks		ctvnews.ca	2025-11-24T12:00:00-05:00	International	Negative	Tough stance or just annoyed?
Carney considering trip to Washington after dismissing question about his last contact with Trump	Less than 48 hours after Prime Minister Mark Carney dismissed a question about when he ...	ctvnews.ca	2025-11-24T12:00:00-05:00	International	Negative	dismissed a question
‘He should care’: Conservatives slam Carney on Trump comments	OTTAWA — Conservative MPs slammed Prime Minister Mark Carney Monday over dismissive comments he made ...	ctvnews.ca	2025-11-24T12:00:00-05:00	International	Negative	Conservatives slam Carney, dismissive comments
Sikh groups accuse PM Carney of ‘selling out Canadians’ by renewing economic ties to India		ctvnews.ca	2025-11-24T12:00:00-05:00	International	Negative	accuse PM Carney of ‘selling out Canadians’
Carney says Canada and India can be ‘reliable trading partners’	The prime ministers of Canada and India have agreed to launch negotiations towards a new ...	ctvnews.ca	2025-11-23T12:00:00-05:00Z	International	Positive	Agreed to launch negotiations
Carney: No ‘burning issue’ to bring up with Trump	JOHANNESBURG — Prime Minister Mark Carney is in no hurry to resume trade talks with ...	ctvnews.ca	2025-11-23T12:00:00-05:00	International	Neutral	
Carney says Canada upholding values but drops talk of ‘feminist foreign policy’	JOHANNESBURG — Prime Minister Mark Carney says Canada no longer has a feminist foreign policy, ...	ctvnews.ca	2025-11-23T12:00:00-05:00	International	Neutral	
PM Carney says there are ‘a host of issues’ with Ukraine peace deal,unknown if ...		ctvnews.ca	2025-11-23T12:00:00-05:00	International	Neutral	
PM Mark Carney continues ‘pragmatic’ relationship for an India-Canada trade deal		ctvnews.ca	2025-11-23T12:00:00-05:00	International	Positive	continues ‘pragmatic’ relationship
CTV QP: PM Carney confirms deal with UAE, more international trade deals coming		ctvnews.ca	2025-11-23T12:00:00-05:00	International	Positive	Confirms deal
PM Carney meets with Indian PM Modi on trade,economic relations,more		ctvnews.ca	2025-11-23T12:00:00-05:00	International	Neutral	
PM Carney may have ‘missed an opportunity’ to talk about Sudan when meeting with UAE: ...		ctvnews.ca	2025-11-21T12:00:00-05:00	International	Negative	missed an opportunity
CTV National News: PM Carney arrives in South Africa for the G20 after a successful ...		ctvnews.ca	2025-11-21T12:00:00-05:00	International	Positive	successful
Carney in South Africa as concerns grow over U.S. boycott of G20	Prime Minister Mark Carney is in South Africa for a G20 summit overshadowed by a ...	ctvnews.ca	2025-11-21T12:00:00-05:00Z	International	Neutral	
Canada cuts back spending on fighting infectious diseases at G20 in South Africa	Prime Minister Mark Carney has made Canada’s first-ever cut to funding for a major program ...	ctvnews.ca	2025-11-21T12:00:00-05:00	International	Neutral	
PM Carney is headed to South Africa for G20 Summit after UAE deal		ctvnews.ca	2025-11-21T12:00:00-05:00	International	Neutral	
PM Carney ‘cannot feign ignorance’ about UAE involvement in Sudan war: human rights group		ctvnews.ca	2025-11-21T12:00:00-05:00	International	Negative	Carney ‘cannot feign ignorance’
PM Mark Carney signs new trade pact with UAE		ctvnews.ca	2025-11-21T12:00:00-05:00	International	Neutral	
'This is significant': Carney ends UAE visit with an investment commitment for Canada		ctvnews.ca	2025-11-21T12:00:00-05:00	International	Neutral	
Carney wraps United Arab Emirates visit with pledge of $70B to be invested in Canada	ABU DHABI — Prime Minister Mark Carney says Ottawa is working on a $1-billion project ...	ctvnews.ca	2025-11-21T12:00:00-05:00	International	Positive	pledge of $70B to be invested in Canada
Carney signs UAE investment pact, launches trade talks during Abu Dhabi visit	Prime Minister Mark Carney signed an investment-protection agreement Thursday with the United Arab Emirates during ...	ctvnews.ca	2025-11-20T12:00:00-05:00	International	Neutral	
Carney signs UAE investment pact		ctvnews.ca	2025-11-20T12:00:00-05:00	International	Neutral	
CTV National News: PM Mark Carney arrives in UAE ahead of G20 for key trade ...		ctvnews.ca	2025-11-19T12:00:00-05:00	International	Neutral	
Carney to sign investment agreement, launch Canada-United Arab Emirates trade talks: official	ABU DHABI – Prime Minister Mark Carney intends to sign a long-negotiated investment agreement, as ...	ctvnews.ca	2025-11-19T12:00:00-05:00	International	Positive	intends to sign a long-negotiated investment agreement
PM Mark Carney heading to UAE, South Africa after latest major projects approval		ctvnews.ca	2025-11-19T12:00:00-05:00	International	Neutral	
‘Carney is going to the UAE because that’s where the money is’: McLaughlin		ctvnews.ca	2025-11-19T12:00:00-05:00	International	Negative	Carney is going to the UAE because that’s where the money is
CTV National News: PM Carney travels to UAE seeking new trade and diplomatic ties		ctvnews.ca	2025-11-18T12:00:00-05:00	International	Positive	seeking new trade and diplomatic ties
Aiming to attract capital to Canada,Carney departing for two of world’s largest emerging markets	Prime Minister Mark Carney is departing for a nearly week-long trip to the United Arab ...	ctvnews.ca	2025-11-18T12:00:00-05:00	International	Neutral	
PM Carney and King Carl XVI Gustaf discuss ‘strategic partnership’ during visit		ctvnews.ca	2025-11-18T12:00:00-05:00	International	Neutral	
‘Gas-for-wine’: South Africa seeks deal to boost trade, investment with Canada	OTTAWA — As Prime Minister Mark Carney heads to Johannesburg for the G20 summit, Canada ...	ctvnews.ca	2025-11-18T12:00:00-05:00	International	Neutral	
PM Carney: 'The world wants Canada as the reliable supplier of critical minerals'		ctvnews.ca	2025-11-13T12:00:00-05:00	International	Neutral	
Canada Reaches for Its Economic Past to Find a Future Less Reliant on the U.S.	Prime Minister Mark Carney fast-tracked mines and other natural resource projects to the dismay of some Indigenous groups and many environmentalists.	nytimes.com	2025-11-13T23:42:04Z	International	Negative	dismay
Spurned by Trump, Carney Begins Thawing Canada’s China Connection	The meeting between Prime Minister Mark Carney and Xi Jinping, China’s top leader, came after a long period of tension and estrangement.	nytimes.com	2025-11-01T10:00:07Z	International	Neutral	
Carney Says He Apologized to Trump Over Ad Reviving Reagan’s Tariff Criticism	The Canadian prime minister also said that he had asked the province of Ontario not to air the ad that later prompted the president to end trade talks.	nytimes.com	2025-11-01T08:43:09Z	International	Negative	Apologized
Canada’s Other Superpower Problem	The leaders of Canada and China met for the first time in eight years to try to reset relations after years of acrimony.	nytimes.com	2025-10-31T04:01:06Z	International	Neutral	
Scolded by Trump, Canada’s Prime Minister Turns to Asia for Trade	Mark Carney is pitching Canada as a predictable and responsible alternative to the United States.	nytimes.com	2025-10-28T13:57:41Z	International	Neutral	
Carney Says He Will Meet With Xi in South Korea	The meeting between Prime Minister Mark Carney of Canada and Xi Jinping, China’s top leader, scheduled for later this week, appeared to signal a pivot to Asia after decades of poor relations between his country and Beijing.	nytimes.com	2025-10-27T13:31:52Z	International	Positive	pivot to Asia after decades of poor relations
How Canada Is Dealing With Its Latest Tussle With President Trump	Prime Minister Mark Carney is focusing on what the country can control, including looking for economic partnerships abroad, especially in Asia.	nytimes.com	2025-10-26T19:17:05Z	International	Neutral	
Trump Announces Tariff Increase on Canada Over Reagan Ad Spat	The ad, which will stop airing on Monday, used audio of a 1987 address by Ronald Reagan making a case against tariffs.	nytimes.com	2025-10-25T21:07:12Z	International	Neutral	
Canada-U.S. Tensions Stay on the Ball Field as Blue Jays Stun Dodgers	At Game 1 of the World Series in Toronto on Friday, overt politics were absent. Unity between the two nations was on display before the first pitch.	nytimes.com	2025-10-25T18:35:11Z	International	Neutral	
Facing Lost Trade With the U.S., Carney Heads to Asia	The prime minister will attend two meetings and visit three countries as part of his plan to wean Canada off its dependence on the U.S.	nytimes.com	2025-10-25T10:00:07Z	International	Neutral	
New Trump-Canada Spat Spotlights ‘Captain Canada,’ the Ontario Premier	Doug Ford has built a reputation for picking fights with President Trump and getting under his skin with publicity-grabbing moves as U.S. tariffs have harmed Ontario’s economy.	nytimes.com	2025-10-24T16:05:24Z	International	Neutral	
Trump Says He’s Cutting Off Trade Negotiations With Canada	The president said he was motivated by an ad, paid for by the province of Ontario, that featured Ronald Reagan criticizing tariffs in a 1987 radio address.	nytimes.com	2025-10-24T03:23:10Z	International	Neutral	
In Nod to Trump, Automaker Stellantis Shifts Production From Canada to the U.S.	Canadian leaders blame the move by Stellantis to abandon production in Ontario on President Trump’s tariffs. Mr. Trump says he wants to increase production in the United States.	nytimes.com	2025-10-15T16:09:09Z	International	Neutral	
Carney and Trump: A Collision Avoided, Save for a Nasty Comment or Two	The Canadian prime minister came to Washington determined to take the heat out of the relationship. He mostly succeeded, at least for now.	nytimes.com	2025-10-07T23:47:58Z	International	Positive	determined to take the heat out of the relationship. He mostly succeeded
Trump Predicts That ‘Canada Will Love Us Again’ in Meeting With Carney	President Trump on Tuesday hosted Prime Minister Mark Carney of Canada, who has been seeking relief from U.S. tariffs.	nytimes.com	2025-10-07T09:02:06Z	International	Neutral	
Canada and the U.S. to Hold Trade and Security Talks	Prime Minister Mark Carney of Canada will travel to Washington next week to meet with President Trump to try to ease some of the tariffs imposed by the United States.	nytimes.com	2025-10-03T18:51:04Z	International	Neutral	
Canada and Mexico Turn to Trains and Ports to Skirt U.S. Tariff Wall	Prime Minister Mark Carney touched down in Mexico City to regain Mexico’s trust and strategize with President Claudia Sheinbaum.	nytimes.com	2025-09-20T10:00:11Z	International	Positive	regain Mexico’s trust and strategize
Leaders of Canada and Mexico Talk Trade and Security Without U.S.	Looming over the discussions was the desire to preserve the countries’ free-trade agreement with the United States.	nytimes.com	2025-09-18T09:04:21Z	International	Neutral	
‘Elbows Down’? Canada’s Leader Struggles to Find the Answer to Trump.	After a stunning election victory on an anti-Trump message, Prime Minister Mark Carney is adjusting to the realities of dealing with the United States. Critics call it capitulation.	nytimes.com	2025-09-15T09:00:46Z	International	Negative	Canada’s Leader Struggles, Critics call it capitulation
Hoping to Jump-Start Talks, Canada to Drop Some Retaliatory Tariffs on U.S. Products	Canada’s leader said he would follow the United States in dropping tariffs against American goods covered by the existing free trade agreement.	nytimes.com	2025-08-22T16:57:38Z	International	Neutral	
Facing Trump’s Threats, Mexico and Canada Draw Closer. Will It Last?	Mexico and Canada have long viewed each other with indifference or even distrust. They’re now talking about teaming up.	nytimes.com	2025-08-20T09:01:51Z	International	Neutral	
With Canada No Longer Able to Rely on U.S., Carney Pushes New Markets	Prime Minister Mark Carney suggested he’s unlikely to add additional retaliatory tariffs on U.S. goods, but he is trying to help affected companies develop new products and find new buyers.	nytimes.com	2025-08-05T23:57:07Z	International	Neutral	
What Do Trump’s Tariff Hikes Mean for Canada’s Trade-Dependent Economy?	After Canada failed to strike a trade deal with Washington, the president raised tariffs on some Canadian exports this week.	nytimes.com	2025-08-02T10:00:07Z	International	Negative	Canada failed to strike a trade deal
Trump Gives Mexico a Reprieve but Slams Canada With Higher Tariffs	The imbalance in President Trump’s treatment of America’s closest trading partners may come from his desire to make Canada the 51st state, some Canadians believe.	nytimes.com	2025-08-01T04:51:41Z	International	Neutral	
Canada to Recognize Palestinian State at the U.N. General Assembly	Canada joins France and Britain in taking similar steps,after months of increasing criticism of Israel by Prime Minister Mark Carney.	nytimes.com	2025-07-30T21:30:51Z	International	Neutral	
Trump Trade Deals Threaten Canada’s Vital Auto Industry	Recent pacts with Britain, Europe and Japan mean that autos exported from those countries and regions face lower U.S. tariffs than Canadian vehicles do.	nytimes.com	2025-07-29T21:06:02Z	International	Neutral	
Unified on Trump and Tariffs, Canada’s Premiers Differ on Next Steps	A three-day meeting in response to President Trump’s looming tariff threat underscored differences between the leaders of Canada’s provinces and territories.	nytimes.com	2025-07-23T21:52:49Z	International	Neutral	
Canada Says It Won’t Accept a Trade Deal With the U.S. at ‘Any Cost’	Prime Minister Mark Carney, after a meeting with Canada’s political leaders, downplayed the chances of success in talks aimed at reaching a trade deal with President Trump.	nytimes.com	2025-07-22T21:27:48Z	International	Neutral	
Canada Moves to Block Chinese Steel Now Shut Out of the U.S.	Canada’s steel industry fears that Chinese steel facing steep tariffs in the United States will be sent north and overwhelm the Canadian market.	nytimes.com	2025-07-16T19:34:11Z	International	Neutral	
Canada’s Leader Says There’s Little Hope of Avoiding U.S. Tariffs	After long insisting that Canada could avoid Trump tariffs through talks, Mark Carney now says that is unlikely for any nation.	nytimes.com	2025-07-15T23:10:07Z	International	Negative	After long insisting ..., Mark Carney now says that is unlikely for any nation
‘He’s Nuts, Your Trump.’ Canada Unites Against America.	America’s growing discord with Canada exemplifies the extraordinary damage President Trump is wreaking on the United States’ standing in the world.	nytimes.com	2025-07-13T05:00:05Z	International	Neutral	
Canada Thinks Its Trade Talks With Trump Are Unique. Does That Matter?	Tariff negotiations between the two top trading partners are on a different track from those the U.S. is pursuing with other nations. But Canada may not get a better outcome.	nytimes.com	2025-07-09T12:52:56Z	International	Neutral	
Looking Beyond the U.S. for Trade, Canada Begins Shipping Natural Gas to Asia	A tanker is headed to South Korea with a first shipment of liquefied natural gas from Canada, which hopes to reduce its export reliance on its neighbor.	nytimes.com	2025-07-07T09:03:13Z	International	Neutral	
Canada’s Tax U-turn Highlights Trump Tariff Tactics	After President Trump suspended trade talks with Canada over its controversial digital services tax, Ottawa scrapped it to get back to the negotiating table.	nytimes.com	2025-06-30T22:06:34Z	International	Negative	Scrapped it
Canada and E.U. Pull Together as America Pushes Them Away	The European Union and Canada struck a defense agreement on Monday, a step toward closer military cooperation as relations with the United States have soured.	nytimes.com	2025-06-23T20:01:28Z	International	Positive	struck a defense agreement, a step toward closer military cooperation
India and Canada Move to Mend Rift Over Sikh Activist’s Killing	The rapprochement comes months after each country had expelled the other’s senior diplomats.	nytimes.com	2025-06-18T10:32:24Z	International	Positive	Mend rift, rapprochment
Flattery or Discipline? The Difficult Task of Managing Trump.	Canada’s prime minister Mark Carney deployed both methods on the first day of the Group of 7 summit in Alberta to keep Mr. Trump focused and avoid drama.	nytimes.com	2025-06-17T00:52:28Z	International	Positive	Employed both strategies
What to Know About Trump’s Meeting With Global Leaders in Canada	President Trump left the G7 summit early and abruptly to deal with the conflict between Israel and Iran.	nytimes.com	2025-06-15T09:01:08Z	International	Neutral	
Group of 7 Mountain Summit Time	Canada is hosting the major global meeting with President Trump and other world leaders. Here’s what to expect.	nytimes.com	2025-06-14T10:00:06Z	International	Neutral	
Canada Commits Billions in Military Spending to Meet NATO Target	Prime Minister Mark Carney promised to hit the alliance’s 2 percent spending threshold this year, seven years ahead of a previous schedule.	nytimes.com	2025-06-09T21:40:56Z	International	Positive	Ahead of schedule
King Charles Visits Canada in a Subtle Rebuke to Trump	The British monarch, who is Canada’s official head of state, is coming at a moment when President Trump has threatened the country’s sovereignty.	nytimes.com	2025-05-26T09:02:39Z	International	Neutral	
Senators Visit Canada, Seeking a Reset Amid Trump’s Provocations	Democrats and one Republican made the trip, seeking to stabilize the U.S.-Canada relationship after President Trump imposed tariffs on Canada and suggested it should become the 51st state.	nytimes.com	2025-05-24T01:17:38Z	International	Neutral	
America’s New Ambassador to Canada Tamps Down Annexation Talk	Despite his friendly tone, Pete Hoekstra offered no indication of when, or if, the United States will remove its tariffs against Canada.	nytimes.com	2025-05-17T10:00:06Z	International	Neutral	
Tariffs Drive Honda to Move S.U.V. Production From Canada to U.S.	President Trump’s trade war again tests Canada’s new government. Honda is also postponing  a major electric vehicle factory in Canada.	nytimes.com	2025-05-13T14:33:18Z	International	Neutral	
Does the United States ‘Need’ Canada?	President Trump seems to think not. The industries he constantly mentions when he pushes his case,including autos,energy and lumber,beg to differ.	nytimes.com	2025-05-12T09:01:37Z	International	Neutral	
Trump Surprises Canada With a New Message: We Love You	President Trump played nice when he came face-to-face with the new prime minister of Canada,the country he has spent months belittling.	nytimes.com	2025-05-06T22:23:24Z	International	Neutral	
Carney Tells Trump Canada ‘Is Not for Sale’ During White House Visit	The Canadian prime minister met with President Trump days after being elected on an anti-Trump platform as relations between the two allies are at a historic nadir.	nytimes.com	2025-05-06T09:03:27Z	International	Neutral	
After Leading a Liberal Comeback,Carney Hits the Ground Running	The prime minister will begin broad economic and security talks with President Trump next week and has set a timetable for his new government.	nytimes.com	2025-05-03T10:00:06Z	International	Positive	comeback,hits the ground running
The World Is Watching Canada	Canada’s greatest opportunity lies in its ability to reframe its place in the world beyond America.	nytimes.com	2025-05-02T05:00:05Z	International	Neutral	
Canada Rejects Statehood	The anger in Canada is evident in many other ways; Canadians have always felt close to but distinct from Americans. A hostile America was something they never imagined.	nytimes.com	2025-04-29T18:07:52Z	International	Neutral	
Tariffs May Make It Too Expensive to ‘Drill,Baby,Drill’	President Trump’s tariff polices have sent oil prices falling,which may push energy companies to reconsider their plans to drill.	nytimes.com	2025-04-08T19:27:07Z	International	Neutral	
Trump Tones Down His Rhetoric About Canada After Call With Its Leader	The president and Canada’s new prime minister,Mark Carney,spoke for the first time on Friday and promised to begin negotiations on trade.	nytimes.com	2025-03-28T20:44:38Z	International	Neutral	
Carney to speak with Trump in Washington at FIFA World Cup draw	Prime Minister Mark Carney said he plans to visit Washington next week to attend the FIFA World Cup draw,and expects to speak with U.S. President Donald Trump ...	cbc.ca	2025-11-26T21:56:22.000000Z	International	Neutral	
Carney says he made a mistake by dismissing Trump questions with 'who cares?'	Prime Minister Mark Carney said Tuesday he should not have been dismissive of reporters' questions about speaking to U.S. President Donald Trump, conceding he u...	cbc.ca	2025-11-25T20:25:59.000000Z	International	Negative	Carney says he made a mistake
Carney weighing D.C. trip next week after dismissing questions about speaking to Trump	Prime Minister Mark Carney dodged questions about the last time he spoke to his U.S. counterpart Sunday,saying 'who cares?' when pressed by reporters to say wh...	cbc.ca	2025-11-24T21:26:56.000000Z	International	Negative	dismissing,dodged questions
Carney, Modi agree to launch negotiations on new Canada-India trade deal: source	Prime Minister Mark Carney and Indian Prime Minister Narendra Modi have agreed to launch negotiations toward a new trade deal called a Comprehensive Economic Pa...	cbc.ca	2025-11-23T16:13:24.000000Z	International	Neutral	
Carney signs onto AI and technology partnership with India and Australia	Prime Minister Mark Carney has had Canada launch a partnership with India and Australia on emerging technologies while at the G20 summit in South Africa. The tr...	cbc.ca	2025-11-22T15:34:53.000000Z	International	Positive	signs onto,partnership
Carney meets with world leaders as Ukraine faces 'intense' pressure to accept Trump's plan to end war	Prime Minister Mark Carney is sitting down with the leaders of the U.K., Germany and the president of the European Council on the sidelines of the G20 to talk a...	cbc.ca	2025-11-22T13:26:13.000000Z	International	Neutral	
Carney attends G20 summit with aim to boost trade — and as Canada cuts foreign aid	Prime Minister Mark Carney’s visit to South Africa for the G20, which will include a meeting with the country’s president, comes as Canada prioritizes boost...	cbc.ca	2025-11-22T07:00:00.000000Z	International	Negative	aim to boost trade — and as Canada cuts foreign aid
Carney wraps U.A.E. visit with pledge of $70B to be invested in Canada	Prime Minister Mark Carney says Ottawa is working on a $1-billion project aimed at expanding critical minerals processing capacity in Canada, while securing the...	cbc.ca	2025-11-21T13:51:16.000000Z	International	Positive	pledge of $70B to be invested in Canada
Trump's G20 boycott could make room for Canada to advance other trade talks	Prime Minister Mark Carney is headed to the G20 in South Africa where there could be more space to try and advance trade talks with other countries because U.S....	cbc.ca	2025-11-21T09:00:00.000000Z	International	Neutral	
Carney signs U.A.E. investment pact, launches trade talks during Abu Dhabi visit	Prime Minister Mark Carney signed an investment-protection agreement with the United Arab Emirates on Thursday, during a visit to Abu Dhabi that has involved li...	cbc.ca	2025-11-20T15:06:42.000000Z	International	Positive	signs U.A.E. investment pact, launches trade talks
Carney heads to U.A.E. hoping to sign investment pact with gulf nation	Prime Minister Mark Carney is slated to meet with United Arab Emirates President Sheikh Mohamed bin Zayed Al Nahyan in Abu Dhabi with the explicit focus on expa...	cbc.ca	2025-11-19T09:00:00.000000Z	International	Neutral	
Carney heads to the UAE amid questions about atrocities in Sudan	Prime Minister Mark Carney will travel to the United Arab Emirates next week,as both that country and Canada face questions over alleged links to actrocities i...	cbc.ca	2025-11-15T09:00:00.000000Z	International	Negative	links to atroities
Trade talks with Trump ‘not yet revived’ since anti-tariff ad apology: Carney	Prime Minister Mark Carney gave no indication trade talks with the United States will resume any time soon, despite apologizing to U.S. President Donald Trump w...	cbc.ca	2025-11-05T15:27:17.000000Z	International	Negative	despite apologizing
Carney asked Ford 'a couple of times' to pull anti-tariff ad,Ont. premier says	Ontario Premier Doug Ford says Prime Minister Mark Carney called him	cbc.ca	2025-11-03T18:40:48.000000Z	International	Neutral	
'Why did he promise it?': Poilievre criticizes Carney for not securing U.S. trade deal	Conservative Leader Pierre Poilievre is questioning why Prime Minister Mark Carney promised he could handle U.S. President Donald Trump, given that the two coun...	cbc.ca	2025-10-31T22:23:38.000000Z	International	Negative	Criticizes
Trump says Carney apologized for Ford's anti-tariff ad	U.S. President Donald Trump says Prime Minister Mark Carney apologized for the Ontario government ad that used former president Ronald Reagan’s own words to s...	cbc.ca	2025-10-31T20:21:55.000000Z	International	Neutral	
Carney and Xi agree to tackle 'irritants' in Canada-China relationship	Prime Minister Mark Carney met with China's Xi Jinping for 39 minutes Friday, where the leaders agreed to meet again and work toward reducing the irritants betw...	cbc.ca	2025-10-31T12:15:58.000000Z	International	Positive	Carney and Xi agree to tackle 'irritants'
Xi invites Carney to visit China as leaders meet at APEC summit	Chinese President Xi Jinping invited Prime Minister Mark Carney to visit China as the pair met on the sidelines of the Asia Pacific Economic Cooperation summit ...	cbc.ca	2025-10-31T09:53:41.000000Z	International	Neutral	
Carney tours newly completed South Korean sub as Canada weighs multi-billion dollar order	South Korea's prime minister put his political weight behind his country's multi-billion dollar bid to sell Canada submarines. Kim Min-seok accompanied his Cana...	cbc.ca	2025-10-30T11:44:11.000000Z	International	Neutral	
Carney, Trump keep it civil at South Korea summit, but speak little	U.S. President Donald Trump and Prime Minister Mark Carney were seated across the table and even acknowledged each other during a toast at a dinner ahead of the...	cbc.ca	2025-10-29T17:06:59.000000Z	International	Neutral	
Trump and Carney keep it civil over dinner ahead of APEC Summit	The U.S. president and the Canadian prime minister exchanged gestures but barely spoke at a dinner in advance of the APEC Summit.	cbc.ca	2025-10-29T14:12:22.000000Z	International	Neutral	
Carney mum on whether he saw Ontario's anti-tariff ad beforehand	Prime Minister Mark Carney says the federal government is in charge of trade talks with the Trump administration, as his office is declining to confirm whether ...	cbc.ca	2025-10-27T18:31:15.000000Z	International	Negative	his office is declining to confirm
Carney hoping for a relations reset in meeting with Chinese president	Prime Minister Mark Carney says he'll meet with Chinese President Xi Jinping at this week's APEC summit — a get-together that the prime minister hopes will re...	cbc.ca	2025-10-27T18:12:25.000000Z	International	Neutral	
Carney says he's not spoken to Trump since trade talks scuttled — but door remains open	Mark Carney and U.S. President Donald Trump have not spoken since trade talks were cancelled last week, the prime minister confirmed Monday. And it doesn't appe...	cbc.ca	2025-10-27T13:36:47.000000Z	International	Negative	trade talks scuttled
Carney pitches Canada as 'reliable' to ASEAN as Trump threatens more tariffs	Prime Minister Mark Carney addressed South Asian leaders on Sunday about the importance of “reliable partners who honour their commitments.”	cbc.ca	2025-10-26T09:00:00.000000Z	International	Neutral	
Shadow of Trump's trade war follows Carney to Malaysia	The prime minister is due to arrive in Malaysia for the summit of southeast Asian nations — looking to advance free trade talks there after the recent scuttli...	cbc.ca	2025-10-25T09:00:00.000000Z	International	Neutral	
Michael Kovrig warns of China’s ‘diplomatic wrapping paper’ as Carney pursues deeper ties	As Prime Minister Mark Carney aims to meet with Chinese President Xi Jinping amid a U.S. trade war, a former Canadian diplomat who spent more than a thousand da...	cbc.ca	2025-10-24T23:04:14.000000Z	International	Negative	warns ... as Carney pursues deeper ties, amid a U.S. trade war
Carney faced with balancing relations with China,U.S. as he departs for summits	Prime Minister Mark Carney is expected to walk an international tightrope over the next week as he departs Friday for a set of Indo-Pacific Summit meetings,one...	cbc.ca	2025-10-24T09:00:00.000000Z	International	Neutral	
Ottawa hoping for a Carney-Xi meeting in Asia next week, says official	A senior Canadian government official told reporters Thursday that it's hoped Prime Minister Mark Carney will meet Chinese President Xi Jinping on the sideline...	cbc.ca	2025-10-23T19:40:04.000000Z	International	Neutral	
Carney heading to Asia for 9-day trip to work on trade, defence partnerships	Prime Minister Mark Carney will travel to Malaysia, Singapore and South Korea over nine days at the end of the month to attend two multinational summits.	cbc.ca	2025-10-17T20:24:09.000000Z	International	Neutral	
'It's time to talk': Carney rules out hitting the U.S. with retaliatory tariffs	Prime Minister Mark Carney said Thursday his government is not considering hitting American goods with more retaliatory tariffs even as the trade war rages on, ...	cbc.ca	2025-10-16T17:35:05.000000Z	International	Neutral	
Trump’s delay at peace summit sparked rare, candid conversation among other leaders on postwar Gaza	U.S. President Donald Trump’s late arrival at the summit he convened in Egypt this week gave his fellow leaders, including Prime Minister Mark Carney,  a chan...	cbc.ca	2025-10-15T18:02:40.000000Z	International	Neutral	
Trump calls Carney ‘Mr. President’ at peace summit	During his speech at the Gaza peace summit in Egypt, U.S. President Donald Trump referred to Prime Minister Mark Carney as “president.” Carney attended the ...	cbc.ca	2025-10-13T21:03:18.000000Z	International	Neutral	
Carney to attend Gaza peace summit in Egypt on Monday: Prime Minister's Office	Prime Minister Mark Carney will be flying out tonight to head to Egypt to attend the signing of a Middle East peace plan aimed at ending the war in Gaza, accord...	cbc.ca	2025-10-12T20:54:18.000000Z	International	Neutral	
Carney says renegotiating CUSMA likely won't resolve all trade issues with U.S.	Prime Minister Mark Carney says it's clear the U.S. will keep targeting certain sectors with tariffs, even after the renegotiation of the Canada-U.S.-Mexico Agr...	cbc.ca	2025-10-10T16:44:36.000000Z	International	Neutral	
'It is a day for optimism,' Carney says as Israel,Hamas edge closer to ending war	Prime Minister Mark Carney said Thursday it is a day for optimism as Israel and Hamas agreed to the terms of a U.S.-brokered plan for peace in Gaza,paving th...	cbc.ca	2025-10-09T15:38:23.000000Z	International	Neutral	
Carney says he’s spoken with Tony Blair,Jared Kushner about Israel,Gaza	Prime Minister Mark Carney said Wednesday that he’s recently been in touch with two key players in U.S. President Donald Trump’s proposed peace plan for Isr...	cbc.ca	2025-10-09T00:03:56.000000Z	International	Neutral	
Danielle Smith says Prime Minister Carney speaking Trump's 'love language'	Alberta Premier Danielle Smith is lauding Prime Minister Mark Carney's ability to speak the language of U.S. President Donald Trump. Smith said Trump prefers to...	cbc.ca	2025-10-08T23:04:20.000000Z	International	Positive	lauding
'We will get an even better deal,' Carney says after Oval Office meeting with Trump	Prime Minister Mark Carney said Wednesday Canadian and American officials are currently negotiating terms of a deal on tariffs a day after he met with the U.S...	cbc.ca	2025-10-08T20:00:32.000000Z	International	Neutral	
Carney raised Keystone XL pipeline revival in meeting with Trump	Relief for Canada from U.S. tariffs on steel and aluminum may come thanks to renewed interest in a pipeline project first proposed more than 15 years ago.	cbc.ca	2025-10-08T09:00:33.000000Z	International	Positive	Relief for Canada
Pressure is building on Donald Trump as tariffs bite deeper into American manufacturing	Prime Minister Mark Carney is headed to Washington, under enormous pressure to make a deal. But as the trade war eats into American corporate profits and more i...	cbc.ca	2025-10-07T09:00:00.000000Z	International	Neutral	
'No more losing,' Poilievre tells Carney in scathing letter ahead of PM's face-to-face with Trump	Conservative Leader Pierre Poilievre has penned a scathing letter to the prime minister ahead of his meeting with the U.S. president on Tuesday, saying Mark C...	cbc.ca	2025-10-06T13:00:00.000000Z	International	Negative	scathing letter
Canada aims for steel tariff relief as Carney hopes to improve relationship with Trump, sources say	Partial relief from steel tariffs is the modest expectation of the Canadian delegation heading to the White House for Tuesday’s meeting between Prime Minister...	cbc.ca	2025-10-06T09:00:00.000000Z	International	Neutral	
Carney to return to Washington as Trump's tariffs hit sectors hard	The prime minister is expected to visit the White House on Tuesday to meet face-to-face with U.S. President Donald Trump as tariffs continue to pummel some Cana...	cbc.ca	2025-10-03T14:46:27.000000Z	International	Neutral	
Former clerk of Privy Council John Hannaford to be Carney's special representative to the EU	Prime Minister Mark Carney has created a new diplomatic position to the European Union in order to boost trade, economic security and the fight against climate ...	cbc.ca	2025-10-01T15:29:52.000000Z	International	Neutral	
Carney government quietly dropped more U.S. counter-tariffs than advertised	The federal government has quietly removed more counter-tariffs on American goods than initially advertised, according to an order-in-council published online.	cbc.ca	2025-09-25T18:51:49.000000Z	International	Negative	Quietly removed
Carney heads to U.K. in search of investment and partners — as pressure mounts to show results	Prime Minister Mark Carney heads to the United Kingdom Thursday to attract investment and strengthen ties that he argues are key to securing Canada's future. Th...	cbc.ca	2025-09-25T09:00:00.000000Z	International	Neutral	
Carney sees possibilities for Canada at UN General Assembly	Prime Minister Mark Carney said Canada can find opportunities in crisis after attending this week's United Nations General Assembly in New York — where U.S. P...	cbc.ca	2025-09-24T23:21:02.000000Z	International	Neutral	
Carney says he will meet China's president 'at appropriate time' to talk trade	Prime Minister Mark Carney on Tuesday said he's anticipating a meeting with Chinese President Xi Jinping as the two nations work to build a new, stable trade ...	cbc.ca	2025-09-24T01:42:57.000000Z	International	Positive	work to build a new, stable trade
During New York visit, Carney says Canada 'has what the world wants' at a critical time	"Prime Minister Mark Carney pitched Canada as a reliable trading partner that ""has what the world wants"" before an international audience Monday in New York City..."	cbc.ca	2025-09-23T01:05:06.000000Z	International	Neutral	
Winnipeggers run for Palestine, as Carney announces Canada's recognition of Palestinian state	Hundreds ran in Winnipeg on Sunday to show support for Palestine, on the same day the Prime Minister announced that Canada will formally recognize a Palestinian...	cbc.ca	2025-09-22T13:40:39.000000Z	International	Positive	show support
Canadians are taking a big step back from the U.S. — and here's the data to prove it	In the weeks after U.S. President Donald Trump sparked a trade war with his punishing tariffs, Prime Minister Mark Carney said Canada’s	cbc.ca	2025-09-19T09:00:00.000000Z	International	Neutral	
Canada, Mexico agree to deepen ties in face of Trump's turbulent 2nd term	Prime Minister Mark Carney and Mexican President Claudia Sheinbaum agreed to deepen ties between their two countries as both grapple with the uncertainty of a s...	cbc.ca	2025-09-19T00:23:08.000000Z	International	Positive	agreed to deepen ties
Former justice minister David Lametti named Canada's UN ambassador	Prime Minister Mark Carney has officially named David Lametti as Canada’s next ambassador to the United Nations.	cbc.ca	2025-09-18T20:15:06.000000Z	International	Neutral	
Carney heads to Mexico in search of an ally — and opportunities	Canada's relationship with Mexico took a hit last fall when some politicians responded to talk of tariffs from president-elect Donald Trump by suggesting that M...	cbc.ca	2025-09-18T09:00:00.000000Z	International	Neutral	
Carney says there's been a 'rupture.' What's he going to do about it this fall?	Even while Mark Carney has been accused of lowering his elbows in regards to American tariffs, he continues to frame the larger challenge facing this country in...	cbc.ca	2025-09-13T09:00:00.000000Z	International	Neutral	
Carney says diversifying trade relationships with Europe, Asia among key fall objectives	"Prime Minister Mark Carney says the federal government will launch a new trade diversification strategy this fall to ""strengthen existing relationships and open..."	cbc.ca	2025-09-10T19:18:31.000000Z	International	Neutral	
Israel's strike in Qatar an 'intolerable expansion of violence,' Carney says	Prime Minister Mark Carney condemned Israel’s strike on the headquarters of Hamas political leaders in Qatar on Tuesday.	cbc.ca	2025-09-09T20:51:42.000000Z	International	Neutral	
